order_id,customer_name,country_code,phone,email,product_name,amount,payment_mode,order_date,order_time
ORD00248,Priya Singh,GB,6886153355,priya247@gmail.com,Headphones,19339,card,2025-12-22,15:35:52
ORD00461,Amit Patel,AU,376037548,amit60@gmail.com,Tablet,-500,upi,2025-02-01,22:48:26
ORD00414,Priya Mehta,SG,35396136,priya13@gmail.com,Monitor,18352,cod,2024/31/15,20:25:22
ORD00278,Ananya Iyer,IN,3565880434,ananya277@gmail.com,Phone,26244,cod,2024-12-01,02:35:59
ORD00158,Karan Kumar,SG,57387571,karan157@gmail.com,Monitor,47416,cod,2025-07-15,10:04:19
ORD00202,Priya Patel,US,5262181599,priya201@gmail.com,Monitor,46270,cash,2025-06-02,20:10:38
ORD00124,Arjun Smith,US,8872874315,arjun123@gmail.com,Tablet,48014,wallet,2024-06-10,22:11:00
ORD00469,Ananya Singh,AE,282772881,ananya68@gmail.com,Keyboard,-500,wallet,2023-03-08,23:10:35
ORD00001,Emma Brown,SG,04432701,emma70@gmail.com,Headphones,4527,cash,2025-05-05,15:36:19
ORD00132,Amit Iyer,GB,0047868633,amit131@gmail.com,Monitor,22785,card,2024-07-18,06:59:56
ORD00078,Emma Smith,US,8403690034,emma77@gmail.com,Keyboard,9093,upi,2024-08-15,10:07:00
ORD00058,Sneha Kumar,IN,3161172400,sneha57@gmail.com,Headphones,3777,upi,2025-01-04,11:27:09
ORD00246,Amit Patel,AE,228160648,amit245@gmail.com,Mouse,8624,card,2024-06-06,00:21:29
ORD00353,Arjun Brown,MY,519098624,arjun352@gmail.com,Laptop,24297,netbanking,2023-04-19,00:45:35
ORD00149,Priya Patel,US,0475412126,priya148@gmail.com,Monitor,36602,netbanking,2025-11-15,13:06:01
ORD00259,Priya Patel,MY,080996930,priya258@gmail.com,Mouse,35716,netbanking,2025-08-24,20:49:09
ORD00166,Sneha Kumar,IN,0745171339,sneha165@gmail.com,Headphones,46679,netbanking,2025-05-26,05:39:08
ORD00011,Karan Smith,MY,871331509,karan10@gmail.com,Keyboard,38664,card,2023-01-15,02:45:40
ORD00351,Riya Singh,AU,461919657,riya350@gmail.com,Laptop,6033,card,2023-10-12,18:57:48
ORD00437,Sneha Kumar,GB,3626204439,abc@,Monitor,16373,upi,2025-07-27,02:00:30
ORD00109,Arjun Kumar,GB,7364710276,arjun108@gmail.com,Monitor,30537,card,2024-11-27,19:09:20
ORD00268,Riya Sharma,SG,88117298,riya267@gmail.com,Laptop,44570,cod,2025-06-02,16:26:23
ORD00001,Emma Singh,MY,192124938,emma84@gmail.com,Mouse,12673,cod,2023-02-17,22:43:34
ORD00144,Priya Mehta,AE,679334101,priya143@gmail.com,Camera,24955,wallet,2025-09-01,01:40:00
ORD00287,John Singh,MY,455877169,john286@gmail.com,Mouse,30492,cod,2023-10-24,05:40:51
ORD00110,Karan Mehta,AU,625881537,karan109@gmail.com,Phone,17629,wallet,2024-05-22,04:06:03
ORD00497,Arjun Patel,AU,026153473,arjun96@gmail.com,Headphones,ten thousand,cod,2023-12-17,16:51:39
ORD00190,Amit Patel,AU,003236519,amit189@gmail.com,Mouse,5014,cash,2023-05-13,06:57:41
ORD00034,Amit Smith,AE,298069901,amit33@gmail.com,Camera,8993,wallet,2024-01-08,01:16:24
ORD00001,Rahul Sharma,AE,268768118,rahul81@gmail.com,Laptop,44114,wallet,2023-09-10,11:52:24
ORD00333,Riya Brown,AE,719903849,riya332@gmail.com,Keyboard,3305,card,2023-10-31,01:41:22
ORD00363,Arjun Smith,AE,836674286,arjun362@gmail.com,Laptop,19026,wallet,2025-02-21,21:20:33
ORD00396,Ananya Smith,IN,2752088547,ananya395@gmail.com,Mouse,49524,netbanking,2023-10-29,18:46:58
ORD00143,Arjun Kumar,MY,086211823,arjun142@gmail.com,Keyboard,40717,netbanking,2024-05-31,11:17:50
ORD00254,Ananya Kumar,SG,24508821,ananya253@gmail.com,Laptop,429,netbanking,2025-03-18,17:35:05
ORD00135,Arjun Kumar,AE,089268705,arjun134@gmail.com,Camera,34471,upi,2025-05-02,13:09:19
ORD00253,Priya Mehta,MY,814491476,priya252@gmail.com,Camera,43401,cash,2025-08-28,05:34:14
ORD00428,Emma Kumar,US,,emma27@gmail.com,Phone,34307,cod,2025-12-11,08:31:56
ORD00321,Rahul Kumar,AU,608432562,rahul320@gmail.com,Phone,47934,wallet,2025-12-02,21:39:55
ORD00224,Sneha Iyer,MY,542168942,sneha223@gmail.com,Phone,3096,upi,2024-08-18,14:46:33
ORD00001,Priya Sharma,MY,433218196,priya0@gmail.com,Laptop,2052,cash,2024-03-23,07:32:38
ORD00060,Riya Kumar,US,0748217594,riya59@gmail.com,Camera,45340,upi,2025-07-24,09:12:24
ORD00356,Amit Brown,IN,7969278687,amit355@gmail.com,Camera,23385,card,2024-01-16,13:38:00
ORD00015,Ananya Sharma,SG,64746872,ananya14@gmail.com,Keyboard,19545,card,2023-04-30,18:47:34
ORD00001,Karan Brown,AU,366941180,karan37@gmail.com,Laptop,21914,card,2025-08-22,11:38:42
ORD00068,Emma Sharma,SG,05329318,emma67@gmail.com,Keyboard,38529,card,2024-04-22,10:49:09
ORD00217,Arjun Kumar,GB,1715454443,arjun216@gmail.com,Tablet,34001,card,2023-04-27,19:25:42
ORD00250,Karan Smith,AU,704358112,karan249@gmail.com,Laptop,41186,cash,2024-03-07,21:40:49
ORD00038,Priya Mehta,US,0671657262,priya37@gmail.com,Mouse,40464,netbanking,2025-09-17,14:27:52
ORD00073,Arjun Mehta,MY,271111615,arjun72@gmail.com,Tablet,36562,cash,2024-11-06,21:07:26
ORD00085,Amit Sharma,GB,3778892554,amit84@gmail.com,Camera,26889,upi,2023-04-18,20:41:21
ORD00381,Emma Smith,US,0108220781,emma380@gmail.com,Phone,15520,cod,2025-06-29,18:37:20
ORD00486,John Smith,US,0605664187,john85@gmail.com,Monitor,23789,crypto,2023-03-31,23:14:03
ORD00031,Arjun Iyer,AE,487347143,arjun30@gmail.com,Mouse,22110,upi,2023-06-15,04:09:14
ORD00209,John Smith,US,0998616229,john208@gmail.com,Phone,7022,netbanking,2023-07-26,09:55:34
ORD00326,Rahul Kumar,AE,633312797,rahul325@gmail.com,Headphones,30085,card,2025-05-25,12:49:02
ORD00387,Sneha Patel,US,0742799077,sneha386@gmail.com,Tablet,46180,wallet,2024-01-14,11:40:29
ORD00045,Emma Sharma,IN,2294131869,emma44@gmail.com,Keyboard,34347,wallet,2025-07-11,14:19:55
ORD00295,Arjun Brown,GB,3122417974,arjun294@gmail.com,Monitor,12406,upi,2023-02-09,04:03:34
ORD00049,Ananya Mehta,IN,9401399049,ananya48@gmail.com,Laptop,49662,card,2025-08-21,16:41:28
ORD00115,Riya Smith,US,2982595269,riya114@gmail.com,Mouse,39010,upi,2025-11-04,16:34:31
ORD00271,Arjun Kumar,GB,8695946368,arjun270@gmail.com,Monitor,11812,upi,2025-09-17,08:19:36
ORD00249,Rahul Patel,AU,573993056,rahul248@gmail.com,Phone,25388,upi,2024-08-02,00:58:33
ORD00489,Emma Smith,XX,179110065,emma88@gmail.com,Phone,8458,cash,2025-06-24,01:19:39
ORD00087,Arjun Brown,IN,5281685054,arjun86@gmail.com,Tablet,14137,upi,2025-09-22,06:14:08
ORD00320,Riya Sharma,GB,0384576205,riya319@gmail.com,Headphones,23390,cod,2024-09-11,07:32:17
ORD00180,Rahul Singh,SG,75884252,rahul179@gmail.com,Mouse,48133,cash,2023-03-02,10:51:27
ORD00272,Ananya Singh,US,1372138658,ananya271@gmail.com,Laptop,10634,wallet,2023-01-11,02:52:09
ORD00496,Riya Iyer,US,9500334234,abc@,Tablet,22370,netbanking,2024-05-18,05:12:01
ORD00483,Ananya Singh,US,0175370304,ananya82@gmail.com,Headphones,12650,cash,2024/31/15,22:14:14
ORD00318,Arjun Smith,AU,920698042,arjun317@gmail.com,Laptop,18713,card,2024-07-09,01:29:41
ORD00454,Sneha Iyer,GB,4960501667,sneha53@gmail.com,,2525,wallet,2025-03-29,15:32:37
ORD00452,Arjun Mehta,AE,641220310,,Keyboard,1857,card,2025-09-12,20:09:41
ORD00053,Rahul Brown,GB,1317127484,rahul52@gmail.com,Camera,31721,wallet,2024-05-14,14:35:09
ORD00083,Arjun Kumar,AE,905814770,arjun82@gmail.com,Laptop,24265,upi,2023-06-07,20:55:54
ORD00305,Rahul Iyer,SG,17310967,rahul304@gmail.com,Mouse,3316,upi,2024-03-28,19:45:04
ORD00317,Emma Singh,SG,40514770,emma316@gmail.com,Headphones,13797,cod,2024-03-09,06:34:33
ORD00324,Ananya Brown,US,4742312209,ananya323@gmail.com,Mouse,39788,netbanking,2024-04-17,19:14:14
ORD00199,Emma Brown,IN,9029593917,emma198@gmail.com,Tablet,21803,cod,2023-06-09,07:22:20
ORD00122,Priya Brown,IN,5712082677,priya121@gmail.com,Keyboard,49639,upi,2024-10-19,09:41:03
ORD00183,Karan Kumar,AE,195180238,karan182@gmail.com,Laptop,26375,cash,2025-08-10,09:49:54
ORD00059,John Brown,SG,92221969,john58@gmail.com,Keyboard,32715,netbanking,2023-10-21,07:29:40
ORD00094,Emma Smith,AU,117980893,emma93@gmail.com,Tablet,19188,wallet,2023-01-04,19:22:15
ORD00340,John Kumar,IN,9588039551,john339@gmail.com,Tablet,18480,cash,2024-11-25,12:40:34
ORD00089,Amit Smith,AU,065379473,amit88@gmail.com,Keyboard,20381,wallet,2024-02-02,11:43:36
ORD00267,Karan Smith,MY,991366210,karan266@gmail.com,Keyboard,34356,netbanking,2025-05-09,04:38:06
ORD00451,Emma Kumar,MY,168006102,emma50@gmail.com,,30257,cod,2025-04-09,21:47:38
ORD00133,Priya Sharma,MY,690331190,priya132@gmail.com,Monitor,39276,cod,2023-04-10,07:47:02
ORD00460,Emma Patel,IN,8081213524,emma59@gmail.com,Monitor,-500,wallet,2023-07-23,04:41:23
ORD00023,Ananya Iyer,US,4216073375,ananya22@gmail.com,Mouse,15015,card,2023-02-18,21:12:25
ORD00465,John Kumar,SG,31884852,john64@gmail.com,Laptop,1927,crypto,2024-06-13,07:53:49
ORD00260,Ananya Iyer,US,9427881658,ananya259@gmail.com,Laptop,43529,card,2023-12-06,16:08:28
ORD00206,Arjun Iyer,AE,490211586,arjun205@gmail.com,Keyboard,36380,cash,2025-03-03,16:26:34
ORD00028,Amit Patel,AU,489513433,amit27@gmail.com,Tablet,1700,cash,2024-05-16,15:39:54
ORD00187,Amit Iyer,AE,445655743,amit186@gmail.com,Phone,13384,card,2023-08-12,04:06:10
ORD00383,Sneha Smith,SG,26527354,sneha382@gmail.com,Keyboard,22112,card,2023-03-07,22:36:03
ORD00055,John Brown,AU,753396360,john54@gmail.com,Headphones,48904,wallet,2025-02-19,12:42:50
ORD00439,Rahul Sharma,MY,489646528,rahul38@gmail.com,Laptop,-500,card,2024-06-17,05:32:31
ORD00365,Sneha Iyer,MY,852580010,sneha364@gmail.com,Camera,6502,netbanking,2023-08-01,21:28:22
ORD00409,Priya Patel,IN,9393250124,priya8@gmail.com,Headphones,23181,card,2025-10-22,25:70:90
ORD00080,Ananya Brown,GB,6416052975,ananya79@gmail.com,Phone,28720,cash,2024-05-13,13:37:25
ORD00477,Sneha Iyer,IN,9937886140,sneha76@gmail.com,Headphones,ten thousand,netbanking,2025-04-13,02:30:01
ORD00416,Priya Smith,AU,026952499,,Phone,49918,cash,2025-11-30,15:50:29
ORD00230,Arjun Kumar,AE,701204556,arjun229@gmail.com,Phone,6325,cash,2023-01-20,04:42:41
ORD00126,Rahul Kumar,SG,63745499,rahul125@gmail.com,Laptop,17241,cod,2025-01-06,22:15:03
ORD00344,Priya Kumar,IN,0943533448,priya343@gmail.com,Headphones,29008,cod,2023-08-29,08:09:10
ORD00298,Ananya Smith,SG,30371837,ananya297@gmail.com,Camera,44759,upi,2024-10-23,05:40:46
ORD00177,Ananya Mehta,GB,8271091043,ananya176@gmail.com,Laptop,4062,wallet,2025-11-03,09:40:45
ORD00366,Arjun Kumar,SG,30091093,arjun365@gmail.com,Phone,46504,cash,2023-06-26,19:08:24
ORD00355,Sneha Brown,SG,56242201,sneha354@gmail.com,Laptop,9536,cod,2025-09-23,21:27:08
ORD00423,Sneha Patel,AE,919541987,sneha22@gmail.com,Camera,13845,upi,2023-06-07,25:70:90
ORD00221,Priya Smith,GB,3816846022,priya220@gmail.com,Keyboard,22557,wallet,2025-07-26,04:20:55
ORD00093,Rahul Patel,GB,0432898614,rahul92@gmail.com,Keyboard,19836,cash,2023-04-08,07:26:40
ORD00447,Ananya Smith,AE,499616592,ananya46@gmail.com,Camera,41432,wallet,2024/31/15,01:32:21
ORD00123,Priya Iyer,AU,802620672,priya122@gmail.com,Mouse,2555,cash,2024-09-03,18:38:06
ORD00393,Arjun Iyer,IN,1038569557,arjun392@gmail.com,Monitor,30115,upi,2023-09-28,09:10:50
ORD00107,Sneha Mehta,MY,841438424,sneha106@gmail.com,Phone,33036,cod,2023-12-12,18:37:09
ORD00193,Amit Brown,AE,383806578,amit192@gmail.com,Monitor,22646,netbanking,2025-10-25,10:24:17
ORD00139,Arjun Mehta,US,8771753556,arjun138@gmail.com,Laptop,36965,card,2023-10-26,00:16:35
ORD00427,Ananya Sharma,AE,,ananya26@gmail.com,Laptop,47448,wallet,2023-02-10,01:55:57
ORD00029,Priya Smith,AU,693676320,priya28@gmail.com,Phone,27962,card,2023-12-27,22:33:29
ORD00449,Rahul Patel,GB,0818661794,rahul48@gmail.com,,16802,netbanking,2023-06-17,16:01:07
ORD00086,Karan Patel,IN,8644925192,karan85@gmail.com,Headphones,20431,cod,2025-03-13,04:38:45
ORD00195,Rahul Iyer,GB,9652239559,rahul194@gmail.com,Laptop,46201,cod,2024-12-21,18:36:09
ORD00389,Karan Sharma,GB,1657905528,karan388@gmail.com,Phone,36849,cod,2024-02-24,04:21:15
ORD00302,John Kumar,AE,873928557,john301@gmail.com,Mouse,39335,netbanking,2023-11-25,02:33:09
ORD00160,Ananya Brown,MY,093796603,ananya159@gmail.com,Keyboard,18341,cod,2023-05-09,18:06:51
ORD00491,Emma Patel,GB,5078593110,emma90@gmail.com,Phone,-500,card,2023-09-16,20:32:16
ORD00008,John Kumar,MY,514627048,john7@gmail.com,Tablet,33371,cash,2024-09-03,20:32:38
ORD00374,John Singh,AU,931027079,john373@gmail.com,Laptop,16004,cod,2023-09-25,00:11:40
ORD00475,Ananya Singh,US,6085641118,abc@,Tablet,18800,card,2024-01-10,08:49:05
ORD00024,Arjun Patel,US,4586850142,arjun23@gmail.com,Mouse,2607,cash,2025-06-08,11:46:50
ORD00308,Ananya Patel,MY,228685289,ananya307@gmail.com,Monitor,23189,upi,2024-10-26,11:26:48
ORD00473,John Sharma,US,7412094818,john72@gmail.com,Phone,12710,netbanking,2024/31/15,18:33:12
ORD00315,Sneha Iyer,GB,1465911665,sneha314@gmail.com,Headphones,12583,upi,2024-12-06,19:41:01
ORD00064,Sneha Brown,SG,85160481,sneha63@gmail.com,Monitor,24255,cod,2024-06-20,18:24:52
ORD00052,Riya Smith,AU,034824771,riya51@gmail.com,Laptop,41389,netbanking,2024-05-05,22:10:19
ORD00453,John Iyer,AE,147276012,john52@gmail.com,Tablet,48516,cod,2024/31/15,15:30:01
ORD00147,Priya Mehta,SG,01631599,priya146@gmail.com,Camera,21489,cash,2024-07-13,14:31:14
ORD00002,John Iyer,IN,8637940265,john1@gmail.com,Mouse,10289,card,2024-11-20,03:05:24
ORD00316,Arjun Singh,AU,597927033,arjun315@gmail.com,Headphones,10323,cod,2023-06-25,03:47:03
ORD00398,Sneha Iyer,MY,430187186,sneha397@gmail.com,Keyboard,32243,upi,2025-11-13,01:58:42
ORD00345,Priya Sharma,US,9881385854,priya344@gmail.com,Tablet,46260,upi,2024-05-16,05:04:19
ORD00100,Ananya Singh,MY,757059640,ananya99@gmail.com,Phone,44086,cod,2025-04-11,11:32:51
ORD00216,Arjun Brown,US,6574374896,arjun215@gmail.com,Phone,581,netbanking,2025-02-05,17:41:38
ORD00413,Priya Smith,AU,520716781,priya12@gmail.com,,9495,wallet,2025-03-31,22:37:06
ORD00458,John Sharma,SG,05452280,john57@gmail.com,Phone,22233,wallet,2023-08-22,25:70:90
ORD00114,Emma Patel,GB,2165585239,emma113@gmail.com,Camera,32873,cash,2023-04-03,01:08:45
ORD00480,Karan Iyer,AE,984028914,karan79@gmail.com,Phone,26006,crypto,2023-09-09,04:46:35
ORD00162,Emma Singh,AE,499125134,emma161@gmail.com,Phone,12096,upi,2023-10-17,16:24:26
ORD00009,Amit Mehta,SG,28809570,amit8@gmail.com,Phone,23888,upi,2024-05-05,01:15:56
ORD00373,John Kumar,AU,787005050,john372@gmail.com,Camera,7845,card,2025-12-07,14:43:55
ORD00165,Sneha Kumar,US,2797881914,sneha164@gmail.com,Headphones,35623,cash,2025-06-22,17:13:27
ORD00457,Karan Smith,MY,293417223,,Tablet,39798,wallet,2023-07-26,13:31:19
ORD00360,Amit Sharma,GB,4904712814,amit359@gmail.com,Mouse,8786,netbanking,2024-07-29,08:54:16
ORD00040,Karan Kumar,SG,54948083,karan39@gmail.com,Phone,15917,cod,2025-04-12,15:35:48
ORD00070,Amit Brown,IN,8117758917,amit69@gmail.com,Keyboard,40411,cash,2025-12-03,09:29:41
ORD00303,Arjun Kumar,AE,857086209,arjun302@gmail.com,Headphones,40745,card,2024-10-18,23:04:42
ORD00357,Riya Iyer,GB,8468950097,riya356@gmail.com,Headphones,7516,netbanking,2025-09-13,22:05:09
ORD00176,Sneha Brown,GB,4037613791,sneha175@gmail.com,Laptop,23764,upi,2023-09-28,12:55:53
ORD00400,Arjun Singh,AE,662991234,arjun399@gmail.com,Monitor,34526,upi,2023-05-16,18:48:24
ORD00137,Riya Mehta,IN,1830469901,riya136@gmail.com,Keyboard,38607,cod,2024-03-20,15:13:55
ORD00377,Karan Singh,SG,73902196,karan376@gmail.com,Tablet,1124,wallet,2023-06-15,00:00:11
ORD00076,Ananya Patel,GB,2018366752,ananya75@gmail.com,Headphones,20523,cod,2024-10-26,18:38:05
ORD00462,Sneha Singh,MY,863266678,sneha61@gmail.com,Headphones,2050,wallet,2023-10-26,25:70:90
ORD00026,Priya Kumar,AU,846564823,priya25@gmail.com,Camera,43676,wallet,2023-12-23,19:36:19
ORD00325,Rahul Mehta,MY,172897526,rahul324@gmail.com,Monitor,31154,card,2023-12-02,06:14:02
ORD00364,Rahul Patel,MY,856945441,rahul363@gmail.com,Mouse,42983,netbanking,2025-03-12,14:49:43
ORD00380,Sneha Kumar,MY,031277220,sneha379@gmail.com,Laptop,42361,upi,2024-08-06,06:27:16
ORD00042,Karan Mehta,GB,7444313518,karan41@gmail.com,Tablet,12652,card,2025-09-18,08:46:37
ORD00430,Riya Mehta,IN,12345,riya29@gmail.com,Headphones,20296,cash,2023-03-13,23:42:51
ORD00498,Priya Patel,MY,223386559,priya97@gmail.com,Camera,41790,card,2023-04-05,25:70:90
ORD00290,Ananya Patel,AU,149216433,ananya289@gmail.com,Mouse,29142,cod,2023-09-16,04:33:53
ORD00113,Ananya Mehta,AU,060983584,ananya112@gmail.com,Phone,25419,netbanking,2025-07-11,17:17:52
ORD00063,Karan Brown,US,2328588424,karan62@gmail.com,Monitor,19442,cod,2024-11-24,03:29:04
ORD00247,Amit Sharma,MY,259094798,amit246@gmail.com,Headphones,4876,cod,2024-10-12,16:14:11
ORD00001,Sneha Mehta,IN,7852945637,sneha21@gmail.com,Phone,35216,card,2024-08-11,08:03:19
ORD00474,Rahul Patel,GB,12345,rahul73@gmail.com,Headphones,26432,netbanking,2023-04-03,15:55:59
ORD00273,Emma Brown,AE,114351906,emma272@gmail.com,Camera,40336,cod,2025-12-03,09:45:38
ORD00238,Arjun Mehta,AU,102726149,arjun237@gmail.com,Keyboard,12390,cash,2025-03-15,06:29:52
ORD00125,Karan Kumar,MY,932966851,karan124@gmail.com,Camera,43960,cash,2024-01-14,04:30:20
ORD00375,Arjun Patel,IN,7929111799,arjun374@gmail.com,Keyboard,4235,card,2025-05-22,10:51:53
ORD00172,Amit Sharma,MY,643611037,amit171@gmail.com,Phone,8796,netbanking,2024-04-08,16:43:28
ORD00212,Emma Patel,AE,373678508,emma211@gmail.com,Tablet,4400,upi,2025-11-03,12:08:49
ORD00035,Sneha Smith,US,5564641708,sneha34@gmail.com,Laptop,23035,card,2023-05-21,20:02:48
ORD00361,Priya Singh,IN,9275243728,priya360@gmail.com,Laptop,22568,cash,2023-10-25,19:59:52
ORD00304,Ananya Iyer,GB,8782945651,ananya303@gmail.com,Phone,34388,cod,2023-05-17,01:53:08
ORD00405,Karan Mehta,GB,4451895202,abc@,Mouse,24545,wallet,2025-04-23,10:58:58
ORD00003,Karan Mehta,IN,9407816184,karan2@gmail.com,Headphones,37937,card,2023-05-23,01:42:14
ORD00010,Priya Patel,GB,7182278248,priya9@gmail.com,Camera,13980,netbanking,2024-02-16,22:19:25
ORD00314,Riya Sharma,IN,8641686227,riya313@gmail.com,Keyboard,32072,wallet,2024-02-06,17:39:47
ORD00050,Amit Brown,US,7175655125,amit49@gmail.com,Camera,45560,wallet,2024-08-13,21:25:52
ORD00433,John Mehta,GB,7002720634,john32@gmail.com,,37836,cash,2023-08-15,05:15:33
ORD00191,Amit Patel,AE,510702966,amit190@gmail.com,Monitor,2032,wallet,2025-05-23,05:22:13
ORD00300,Sneha Sharma,AU,097925132,sneha299@gmail.com,Monitor,6090,cod,2024-11-24,20:03:03
ORD00421,Karan Sharma,GB,7698640790,karan20@gmail.com,Headphones,24855,netbanking,2024/31/15,10:36:06
ORD00411,Priya Singh,AE,566383615,priya10@gmail.com,Phone,-500,cash,2025-11-30,04:31:48
ORD00369,Ananya Iyer,AU,917410119,ananya368@gmail.com,Mouse,29321,cash,2025-10-16,04:41:40
ORD00470,Emma Brown,IN,1159408215,abc@,Mouse,24640,upi,2024-08-25,15:01:50
ORD00261,Amit Singh,SG,75037314,amit260@gmail.com,Headphones,15436,cash,2024-02-28,16:58:50
ORD00164,Sneha Brown,SG,88767677,sneha163@gmail.com,Tablet,5517,netbanking,2023-03-05,07:18:02
ORD00019,Riya Kumar,SG,98084124,riya18@gmail.com,Phone,7114,cod,2023-11-15,08:18:38
ORD00407,Karan Singh,MY,798524013,abc@,Tablet,45597,card,2024-04-09,09:08:13
ORD00119,Arjun Smith,MY,334843443,arjun118@gmail.com,Monitor,20877,wallet,2024-12-15,17:59:59
ORD00391,Priya Smith,AU,884795137,priya390@gmail.com,Phone,5354,wallet,2024-01-02,09:04:06
ORD00327,Ananya Mehta,GB,6999880817,ananya326@gmail.com,Monitor,2879,card,2025-11-28,17:25:47
ORD00322,Sneha Brown,MY,392649578,sneha321@gmail.com,Tablet,13650,cod,2023-10-11,18:34:43
ORD00065,Karan Patel,MY,370985931,karan64@gmail.com,Monitor,46045,upi,2025-04-16,03:08:02
ORD00450,Riya Singh,MY,,riya49@gmail.com,Monitor,40982,upi,2024-11-30,05:13:11
ORD00359,Riya Smith,AE,956544209,riya358@gmail.com,Mouse,47742,netbanking,2024-06-17,01:40:30
ORD00402,John Smith,AE,300244714,john1@gmail.com,Camera,11855,crypto,2024-05-16,00:07:48
ORD00084,Emma Brown,IN,7980793597,emma83@gmail.com,Tablet,4154,wallet,2023-07-31,10:45:05
ORD00289,Ananya Singh,AE,202341326,ananya288@gmail.com,Phone,6362,cash,2025-08-27,17:03:01
ORD00197,Amit Mehta,SG,25002921,amit196@gmail.com,Headphones,4853,upi,2025-03-21,18:06:21
ORD00130,Rahul Smith,GB,4064039106,rahul129@gmail.com,Headphones,46000,cash,2023-05-04,02:59:30
ORD00027,John Sharma,AE,443699577,john26@gmail.com,Monitor,44377,card,2025-11-12,15:50:57
ORD00001,Riya Smith,AE,232002496,riya91@gmail.com,Headphones,20494,netbanking,2023-10-26,04:30:19
ORD00435,Emma Iyer,AU,,emma34@gmail.com,Tablet,3362,wallet,2025-05-28,19:16:09
ORD00095,Ananya Singh,GB,1851888880,ananya94@gmail.com,Camera,30910,cash,2025-03-03,11:16:47
ORD00032,Amit Iyer,AE,166587603,amit31@gmail.com,Camera,25624,netbanking,2023-02-10,18:24:30
ORD00277,John Kumar,AU,894769735,john276@gmail.com,Monitor,44768,wallet,2023-02-26,15:07:16
ORD00337,John Smith,AE,729343010,john336@gmail.com,Monitor,41090,cash,2024-02-29,19:26:26
ORD00392,Arjun Patel,SG,27238046,arjun391@gmail.com,Tablet,31157,upi,2025-05-10,14:47:41
ORD00270,Ananya Kumar,GB,3009818063,ananya269@gmail.com,Headphones,26894,upi,2023-08-07,04:27:41
ORD00329,Riya Smith,SG,18129826,riya328@gmail.com,Camera,21298,wallet,2023-02-21,05:29:37
ORD00436,Amit Patel,US,0867713334,,Mouse,49018,wallet,2025-02-21,04:27:54
ORD00186,Amit Kumar,IN,1038657191,amit185@gmail.com,Tablet,41860,wallet,2023-06-03,18:36:03
ORD00241,Sneha Kumar,AU,654722698,sneha240@gmail.com,Mouse,46073,netbanking,2024-10-04,22:47:59
ORD00018,Karan Patel,AE,079911838,karan17@gmail.com,Mouse,8780,upi,2023-05-21,07:23:18
ORD00448,Sneha Singh,MY,788147617,sneha47@gmail.com,Mouse,9839,crypto,2024-09-07,07:33:27
ORD00075,Sneha Brown,GB,8998094024,sneha74@gmail.com,Mouse,22370,upi,2023-01-13,05:55:09
ORD00138,Arjun Sharma,US,3317393638,arjun137@gmail.com,Headphones,18650,wallet,2025-08-12,17:41:22
ORD00415,Emma Brown,MY,12345,emma14@gmail.com,Monitor,15227,cod,2023-10-03,00:06:47
ORD00226,Amit Patel,GB,5064890901,amit225@gmail.com,Laptop,3261,cod,2023-08-26,13:28:24
ORD00425,Riya Kumar,MY,,riya24@gmail.com,Tablet,15853,card,2024-09-06,13:26:20
ORD00443,Amit Kumar,XX,993908926,amit42@gmail.com,Phone,16232,wallet,2023-07-13,10:01:18
ORD00223,Ananya Brown,AE,676008350,ananya222@gmail.com,Headphones,49700,netbanking,2024-01-26,00:43:00
ORD00493,Arjun Mehta,XX,0892038806,arjun92@gmail.com,Headphones,12906,card,2024-02-17,02:21:12
ORD00062,Arjun Iyer,AU,953394210,arjun61@gmail.com,Mouse,28989,cash,2025-01-17,23:08:05
ORD00349,Priya Mehta,AU,814876963,priya348@gmail.com,Keyboard,36010,card,2025-09-14,12:04:21
ORD00343,Priya Singh,SG,30768104,priya342@gmail.com,Laptop,45126,netbanking,2023-06-28,10:29:56
ORD00431,Sneha Kumar,MY,864518376,,Laptop,25854,upi,2024-09-08,02:59:52
ORD00025,Ananya Patel,US,6934060883,ananya24@gmail.com,Headphones,28365,cash,2024-11-07,19:20:42
ORD00311,Karan Iyer,US,3441969315,karan310@gmail.com,Monitor,11431,wallet,2023-07-15,19:41:19
ORD00179,Priya Kumar,AU,630316179,priya178@gmail.com,Laptop,20369,cod,2023-12-26,03:00:45
ORD00264,Arjun Iyer,GB,2225913651,arjun263@gmail.com,Monitor,44351,wallet,2025-09-08,06:37:10
ORD00307,Priya Iyer,IN,8633839288,priya306@gmail.com,Camera,48996,cash,2025-01-03,21:29:44
ORD00262,Ananya Smith,US,7005184498,ananya261@gmail.com,Tablet,24784,cod,2025-02-14,11:37:41
ORD00099,John Kumar,AU,161692845,john98@gmail.com,Phone,5347,upi,2024-08-28,09:28:38
ORD00476,Ananya Singh,US,,ananya75@gmail.com,Tablet,27154,upi,2024-06-12,12:52:57
ORD00111,Ananya Brown,US,3259532787,ananya110@gmail.com,Monitor,20320,wallet,2023-02-17,02:25:32
ORD00188,Riya Mehta,AE,618537474,riya187@gmail.com,Phone,6025,card,2024-09-15,22:44:38
ORD00281,Arjun Smith,GB,2846392086,arjun280@gmail.com,Monitor,35539,cash,2025-10-26,11:25:55
ORD00372,Rahul Brown,GB,3461571732,rahul371@gmail.com,Laptop,12754,cash,2024-05-03,15:24:04
ORD00046,Ananya Kumar,GB,9909133412,ananya45@gmail.com,Keyboard,11491,netbanking,2023-06-03,05:00:26
ORD00128,Karan Brown,GB,8783391878,karan127@gmail.com,Headphones,5218,netbanking,2023-08-18,01:53:35
ORD00213,John Sharma,AU,233030705,john212@gmail.com,Keyboard,18055,upi,2025-08-08,16:25:40
ORD00090,Riya Kumar,AE,688623924,riya89@gmail.com,Laptop,42120,wallet,2025-01-30,17:59:06
ORD00404,Karan Singh,SG,04565044,abc@,Phone,33776,card,2024-01-11,03:38:48
ORD00153,Karan Iyer,US,7526547935,karan152@gmail.com,Camera,18469,wallet,2025-01-17,03:59:36
ORD00408,Ananya Patel,XX,1076031089,ananya7@gmail.com,Laptop,30841,cash,2024-06-02,01:04:19
ORD00234,Priya Brown,GB,3756289002,priya233@gmail.com,Monitor,32595,card,2023-06-03,15:20:15
ORD00148,John Brown,US,6296194311,john147@gmail.com,Mouse,10207,wallet,2023-11-12,23:24:20
ORD00047,Emma Smith,AE,403447134,emma46@gmail.com,Keyboard,27961,cash,2024-04-05,20:09:58
ORD00021,Riya Brown,MY,801128059,riya20@gmail.com,Tablet,28266,card,2023-03-27,09:23:57
ORD00426,Sneha Brown,MY,442493631,sneha25@gmail.com,Tablet,12677,cash,2024-05-17,25:70:90
ORD00236,Rahul Patel,MY,660880199,rahul235@gmail.com,Mouse,33414,netbanking,2024-02-28,20:42:29
ORD00252,Priya Iyer,GB,4667665061,priya251@gmail.com,Laptop,42136,cod,2023-05-10,23:37:02
ORD00328,John Brown,IN,8034764472,john327@gmail.com,Camera,19395,netbanking,2023-04-22,22:33:57
ORD00127,Priya Smith,MY,426841459,priya126@gmail.com,Keyboard,14460,card,2025-09-06,04:29:47
ORD00205,Priya Kumar,AE,677418625,priya204@gmail.com,Camera,24309,card,2025-07-01,01:16:28
ORD00334,Amit Sharma,IN,9945101622,amit333@gmail.com,Mouse,40148,cod,2023-12-30,14:47:37
ORD00229,Karan Iyer,AE,001197218,karan228@gmail.com,Phone,47519,cod,2023-07-27,08:41:14
ORD00074,Ananya Sharma,US,4945198327,ananya73@gmail.com,Keyboard,7192,upi,2025-01-22,03:48:17
ORD00004,Arjun Patel,AU,316475255,arjun3@gmail.com,Keyboard,44020,upi,2023-05-27,19:40:10
ORD00434,Amit Brown,AU,577242954,amit33@gmail.com,Keyboard,ten thousand,wallet,2025-01-22,05:25:56
ORD00441,Arjun Mehta,GB,6257287032,arjun40@gmail.com,,15164,card,2023-03-15,15:16:10
ORD00235,Arjun Sharma,US,8386631779,arjun234@gmail.com,Monitor,5868,wallet,2025-07-04,10:07:31
ORD00258,Karan Smith,SG,77547812,karan257@gmail.com,Phone,18490,card,2024-02-07,08:46:56
ORD00104,Karan Patel,MY,884422583,karan103@gmail.com,Phone,13271,card,2024-04-29,15:01:23
ORD00285,John Mehta,AU,744890612,john284@gmail.com,Laptop,14220,upi,2025-09-02,20:06:28
ORD00082,Sneha Singh,US,9212779979,sneha81@gmail.com,Headphones,41205,upi,2023-11-06,14:04:30
ORD00001,Priya Brown,MY,591520177,priya43@gmail.com,Monitor,41279,upi,2023-01-12,10:02:41
ORD00466,Ananya Patel,MY,054851017,ananya65@gmail.com,,37615,cod,2023-01-11,14:21:15
ORD00159,Priya Sharma,IN,5123828258,priya158@gmail.com,Camera,30381,card,2025-04-09,20:11:11
ORD00288,Ananya Brown,US,1125355449,ananya287@gmail.com,Camera,17876,wallet,2025-01-13,23:37:33
ORD00339,Emma Sharma,GB,2355770272,emma338@gmail.com,Monitor,35290,upi,2025-08-05,13:59:47
ORD00419,Rahul Brown,XX,4796954500,rahul18@gmail.com,Laptop,8501,upi,2024-12-15,23:37:01
ORD00200,Priya Mehta,SG,70433154,priya199@gmail.com,Phone,47313,cash,2023-04-09,12:28:46
ORD00306,Sneha Smith,IN,1705865094,sneha305@gmail.com,Laptop,48223,cash,2024-09-14,02:13:33
ORD00245,Ananya Brown,AE,580043973,ananya244@gmail.com,Headphones,49586,netbanking,2024-02-07,23:12:18
ORD00376,Ananya Mehta,MY,198253092,ananya375@gmail.com,Headphones,4243,cash,2024-07-14,04:48:26
ORD00275,Amit Patel,IN,4656693801,amit274@gmail.com,Phone,36118,upi,2024-12-13,11:52:17
ORD00067,Rahul Mehta,US,3773515850,rahul66@gmail.com,Camera,18180,card,2023-09-08,14:05:42
ORD00057,Priya Smith,SG,45961586,priya56@gmail.com,Headphones,41177,cod,2025-09-26,17:02:39
ORD00490,Priya Patel,AE,080466196,priya89@gmail.com,Keyboard,ten thousand,cod,2023-01-22,14:24:29
ORD00399,Ananya Singh,US,6565045547,ananya398@gmail.com,Phone,14235,cod,2025-06-28,23:26:51
ORD00211,Riya Kumar,MY,505444713,riya210@gmail.com,Tablet,19792,cod,2025-06-26,10:17:46
ORD00168,Priya Singh,AU,604223253,priya167@gmail.com,Camera,32177,card,2024-07-04,20:26:24
ORD00342,Amit Patel,US,5031780782,amit341@gmail.com,Keyboard,22389,wallet,2025-12-08,09:49:20
ORD00006,Sneha Smith,US,6724238849,sneha5@gmail.com,Camera,38342,wallet,2025-01-11,07:08:32
ORD00478,Sneha Sharma,MY,489138249,sneha77@gmail.com,Camera,-500,cash,2025-10-21,06:50:09
ORD00464,Arjun Singh,IN,6738997563,arjun63@gmail.com,,5623,cash,2024-11-16,12:46:46
ORD00030,John Iyer,IN,1727889579,john29@gmail.com,Camera,36005,wallet,2023-11-22,23:55:30
ORD00233,Amit Smith,AU,716701450,amit232@gmail.com,Keyboard,43998,upi,2025-11-29,16:44:44
ORD00313,Amit Mehta,GB,8320679981,amit312@gmail.com,Keyboard,28407,upi,2025-03-18,04:08:21
ORD00269,Rahul Brown,AU,376599162,rahul268@gmail.com,Mouse,31369,card,2023-06-21,09:38:56
ORD00150,Karan Patel,IN,9956046618,karan149@gmail.com,Keyboard,37583,netbanking,2023-12-14,21:24:10
ORD00499,Amit Mehta,US,3042897317,amit98@gmail.com,Phone,-500,netbanking,2025-03-05,20:48:32
ORD00106,Riya Smith,IN,8528922680,riya105@gmail.com,Phone,34054,card,2024-09-14,05:10:20
ORD00146,Emma Sharma,GB,2503926142,emma145@gmail.com,Keyboard,37238,wallet,2024-11-10,12:48:47
ORD00332,Amit Patel,US,2309407778,amit331@gmail.com,Laptop,39944,wallet,2024-05-02,06:37:42
ORD00036,Sneha Iyer,IN,0923271937,sneha35@gmail.com,Mouse,24275,card,2023-08-23,05:19:06
ORD00102,Riya Patel,US,9285654310,riya101@gmail.com,Tablet,32805,netbanking,2025-03-03,17:07:16
ORD00096,Karan Patel,IN,5319520585,karan95@gmail.com,Tablet,44971,wallet,2025-09-07,20:11:51
ORD00014,Riya Iyer,US,1781080132,riya13@gmail.com,Camera,31926,wallet,2024-03-13,12:57:03
ORD00251,Ananya Patel,SG,38612075,ananya250@gmail.com,Laptop,5835,cash,2023-04-22,05:50:16
ORD00341,Amit Brown,AU,291450461,amit340@gmail.com,Monitor,15674,upi,2025-07-14,09:13:33
ORD00347,Sneha Patel,US,7921717477,sneha346@gmail.com,Keyboard,14766,card,2024-06-12,11:25:11
ORD00091,John Patel,MY,412478261,john90@gmail.com,Keyboard,29665,upi,2023-02-24,13:03:25
ORD00284,Emma Iyer,SG,14386632,emma283@gmail.com,Tablet,31097,cash,2023-12-28,13:31:08
ORD00054,Sneha Singh,AE,146584044,sneha53@gmail.com,Monitor,9838,wallet,2025-09-18,11:21:35
ORD00088,Priya Kumar,SG,18880592,priya87@gmail.com,Camera,10209,card,2024-01-06,22:49:39
ORD00048,Amit Patel,US,0249947174,amit47@gmail.com,Camera,17941,netbanking,2025-10-08,14:05:38
ORD00156,Emma Patel,GB,1352909656,emma155@gmail.com,Phone,791,cash,2024-06-13,07:32:47
ORD00500,John Smith,AE,255877749,,Camera,41918,netbanking,2023-03-16,06:14:57
ORD00292,Emma Brown,MY,884578317,emma291@gmail.com,Mouse,24071,wallet,2024-06-16,04:19:00
ORD00001,Emma Patel,SG,55963632,emma28@gmail.com,Phone,11578,card,2024-07-16,14:26:16
ORD00056,Amit Smith,AU,028951718,amit55@gmail.com,Monitor,1105,cod,2023-10-23,13:55:41
ORD00244,Rahul Kumar,AU,380571983,rahul243@gmail.com,Camera,15671,netbanking,2024-08-12,22:42:03
ORD00378,Emma Kumar,IN,6723248763,emma377@gmail.com,Tablet,40112,cod,2023-03-19,19:11:45
ORD00198,Karan Singh,US,2675289539,karan197@gmail.com,Tablet,24897,upi,2024-08-26,04:11:46
ORD00274,Amit Smith,IN,7038430988,amit273@gmail.com,Keyboard,40417,card,2023-03-15,11:15:41
ORD00033,Karan Kumar,IN,6688937346,karan32@gmail.com,Monitor,2002,wallet,2024-11-19,21:43:51
ORD00420,Ananya Patel,US,12345,ananya19@gmail.com,Phone,45188,cash,2024-09-16,03:21:10
ORD00105,Emma Mehta,GB,7829114678,emma104@gmail.com,Camera,26932,netbanking,2023-06-01,04:20:41
ORD00459,Riya Kumar,SG,,riya58@gmail.com,Phone,46394,cash,2025-06-15,14:53:48
ORD00201,Amit Brown,AE,765861793,amit200@gmail.com,Tablet,29675,cash,2023-03-10,09:01:20
ORD00294,John Brown,AE,632663416,john293@gmail.com,Keyboard,33956,netbanking,2024-07-10,09:41:47
ORD00312,Emma Brown,IN,1055661390,emma311@gmail.com,Camera,3647,upi,2025-12-09,01:20:34
ORD00309,Ananya Mehta,MY,939836845,ananya308@gmail.com,Monitor,29427,wallet,2023-01-01,23:02:18
ORD00323,Sneha Singh,AU,482629251,sneha322@gmail.com,Phone,12167,upi,2023-10-26,23:01:48
ORD00348,Karan Mehta,MY,770171577,karan347@gmail.com,Tablet,18598,upi,2023-09-18,16:06:25
ORD00170,Sneha Brown,AE,374545892,sneha169@gmail.com,Monitor,22627,cod,2023-04-10,01:06:40
ORD00079,Ananya Singh,AE,268388516,ananya78@gmail.com,Laptop,28688,cash,2025-07-30,02:55:20
ORD00368,Ananya Mehta,AE,044271739,ananya367@gmail.com,Camera,11794,cod,2025-10-04,03:09:34
ORD00017,Sneha Sharma,GB,9169985435,sneha16@gmail.com,Keyboard,17507,wallet,2023-09-26,21:41:19
ORD00291,Rahul Sharma,SG,55778487,rahul290@gmail.com,Tablet,45819,netbanking,2023-12-29,18:38:29
ORD00012,Sneha Patel,IN,0518347382,sneha11@gmail.com,Monitor,16025,wallet,2025-04-13,06:06:06
ORD00417,Riya Smith,US,12345,riya16@gmail.com,Camera,29598,upi,2025-02-09,14:29:02
ORD00167,Sneha Iyer,AU,095849825,sneha166@gmail.com,Mouse,19061,netbanking,2024-07-01,16:57:43
ORD00410,Priya Patel,GB,9083342801,abc@,Keyboard,33142,cod,2025-08-30,11:44:37
ORD00276,Emma Iyer,SG,76904268,emma275@gmail.com,Phone,36710,cash,2025-10-27,09:21:07
ORD00354,Karan Patel,AU,403696566,karan353@gmail.com,Camera,28620,netbanking,2024-03-08,21:11:30
ORD00406,Sneha Singh,IN,8338988816,sneha5@gmail.com,Monitor,5106,crypto,2023-09-26,00:30:22
ORD00352,Rahul Singh,MY,278469973,rahul351@gmail.com,Keyboard,44763,upi,2024-09-05,18:50:58
ORD00494,Riya Mehta,AE,995946521,riya93@gmail.com,,2865,wallet,2024-03-25,00:40:14
ORD00215,Amit Iyer,IN,3334680072,amit214@gmail.com,Tablet,39496,cash,2024-04-03,08:38:51
ORD00116,Emma Kumar,MY,705516940,emma115@gmail.com,Monitor,17501,cod,2024-04-11,23:03:37
ORD00174,Amit Singh,AU,189092753,amit173@gmail.com,Tablet,27081,netbanking,2025-06-25,06:05:57
ORD00182,Priya Iyer,MY,800030756,priya181@gmail.com,Tablet,11828,cash,2025-05-08,07:20:15
ORD00338,Karan Mehta,IN,8303441448,karan337@gmail.com,Headphones,501,cash,2024-11-13,10:25:46
ORD00256,Priya Kumar,GB,1413975523,priya255@gmail.com,Phone,18786,netbanking,2023-05-23,06:20:31
ORD00463,Priya Mehta,IN,5626060290,priya62@gmail.com,Mouse,-500,wallet,2024-09-15,23:47:20
ORD00495,Riya Iyer,SG,37563620,abc@,Headphones,748,cash,2025-01-02,00:35:07
ORD00066,Arjun Smith,IN,1138267586,arjun65@gmail.com,Tablet,27289,cod,2023-07-22,15:39:26
ORD00296,Amit Patel,IN,4427031207,amit295@gmail.com,Keyboard,22507,wallet,2024-09-30,15:23:29
ORD00072,Riya Brown,US,1183673657,riya71@gmail.com,Camera,27362,cod,2023-07-14,10:27:20
ORD00487,John Smith,AE,,john86@gmail.com,Camera,4978,card,2024-02-08,05:21:19
ORD00016,Karan Sharma,IN,0978820812,karan15@gmail.com,Phone,39096,cash,2024-04-26,12:07:56
ORD00286,Karan Kumar,MY,558845061,karan285@gmail.com,Headphones,44637,netbanking,2024-02-12,18:36:41
ORD00468,Priya Sharma,IN,6273715869,priya67@gmail.com,,17381,netbanking,2025-10-18,20:27:28
ORD00225,John Mehta,GB,6257532603,john224@gmail.com,Keyboard,47755,card,2024-03-08,23:01:37
ORD00397,Karan Patel,AE,702814069,karan396@gmail.com,Keyboard,29327,upi,2023-07-09,10:03:38
ORD00214,Rahul Iyer,IN,5797279855,rahul213@gmail.com,Tablet,17051,cod,2023-07-05,09:01:24
ORD00358,John Kumar,MY,781891371,john357@gmail.com,Mouse,40276,cash,2024-12-04,17:49:00
ORD00220,Priya Iyer,MY,534655494,priya219@gmail.com,Monitor,7818,wallet,2023-04-20,20:37:37
ORD00097,Priya Smith,SG,04303054,priya96@gmail.com,Camera,35688,wallet,2024-06-02,01:48:41
ORD00161,John Singh,AU,553714785,john160@gmail.com,Camera,40162,wallet,2023-08-22,11:22:54
ORD00001,Sneha Mehta,AE,547435537,sneha80@gmail.com,Headphones,1140,cod,2023-10-01,20:59:00
ORD00175,Amit Patel,IN,9656523413,amit174@gmail.com,Mouse,45351,cash,2024-09-09,06:33:38
ORD00237,Karan Sharma,US,3758997571,karan236@gmail.com,Phone,49862,cod,2024-03-30,00:21:22
ORD00370,Rahul Brown,IN,4256908776,rahul369@gmail.com,Camera,47794,cash,2024-04-07,00:24:44
ORD00467,Emma Iyer,GB,5449268315,emma66@gmail.com,Keyboard,ten thousand,wallet,2023-07-20,04:45:27
ORD00283,Arjun Smith,SG,95527636,arjun282@gmail.com,Headphones,24025,wallet,2024-07-26,14:11:36
ORD00301,Amit Patel,US,2735857306,amit300@gmail.com,Headphones,47574,card,2024-05-28,01:31:45
ORD00265,Ananya Sharma,MY,302992280,ananya264@gmail.com,Tablet,3764,card,2024-06-12,05:33:25
ORD00455,Riya Iyer,GB,12345,riya54@gmail.com,Monitor,7763,wallet,2024-12-11,14:44:27
ORD00243,John Kumar,AU,608106200,john242@gmail.com,Keyboard,17596,card,2024-08-09,21:16:09
ORD00108,Emma Mehta,SG,90010943,emma107@gmail.com,Camera,40608,cod,2023-03-04,15:56:40
ORD00384,Amit Patel,US,7762534929,amit383@gmail.com,Tablet,37987,netbanking,2024-04-15,02:26:54
ORD00371,Riya Patel,AU,985546015,riya370@gmail.com,Headphones,5372,wallet,2024-08-16,20:12:11
ORD00424,Arjun Brown,AU,853664987,,Tablet,1319,cod,2025-11-23,05:36:31
ORD00440,Amit Patel,AE,586241502,amit39@gmail.com,Monitor,18515,crypto,2025-01-08,13:18:57
ORD00204,Riya Singh,AU,050614973,riya203@gmail.com,Phone,1786,card,2023-12-16,20:18:05
ORD00077,Amit Singh,IN,9014767976,amit76@gmail.com,Mouse,14227,netbanking,2023-08-22,11:27:07
ORD00390,Priya Smith,GB,9335548640,priya389@gmail.com,Phone,24532,upi,2025-07-15,15:32:33
ORD00446,Rahul Iyer,IN,2664214764,rahul45@gmail.com,Tablet,23630,cod,2024/31/15,11:32:12
ORD00335,Rahul Patel,US,4556168147,rahul334@gmail.com,Tablet,8096,cod,2024-07-16,10:33:26
ORD00242,Sneha Iyer,GB,3945228851,sneha241@gmail.com,Headphones,36949,wallet,2025-05-04,21:47:57
ORD00007,Priya Sharma,AE,122691669,priya6@gmail.com,Monitor,34776,upi,2023-01-24,21:46:07
ORD00336,Sneha Iyer,GB,9019817946,sneha335@gmail.com,Headphones,17117,netbanking,2024-12-25,04:39:36
ORD00388,Rahul Patel,MY,658046498,rahul387@gmail.com,Keyboard,44970,cash,2024-11-18,23:59:03
ORD00297,Rahul Mehta,MY,120461872,rahul296@gmail.com,Keyboard,16489,wallet,2023-01-26,03:49:45
ORD00208,Amit Sharma,SG,61632945,amit207@gmail.com,Phone,5803,wallet,2025-03-24,17:20:54
ORD00207,Riya Iyer,MY,741608989,riya206@gmail.com,Tablet,7982,wallet,2023-12-21,05:13:51
ORD00401,Rahul Brown,IN,4628792326,rahul0@gmail.com,Mouse,36398,crypto,2023-03-28,09:53:37
ORD00178,Ananya Brown,GB,6188924141,ananya177@gmail.com,Keyboard,10282,netbanking,2024-10-31,12:37:40
ORD00145,Amit Patel,MY,765918033,amit144@gmail.com,Monitor,17866,cash,2023-06-02,21:59:17
ORD00154,Emma Singh,SG,80737416,emma153@gmail.com,Monitor,9221,cod,2024-09-12,07:16:42
ORD00395,Karan Singh,IN,7452380552,karan394@gmail.com,Headphones,29488,netbanking,2023-11-29,17:19:07
ORD00005,Sneha Singh,GB,7648350305,sneha4@gmail.com,Camera,17646,cash,2024-03-08,18:56:45
ORD00134,Riya Iyer,AE,830284395,riya133@gmail.com,Headphones,15625,upi,2023-10-21,21:33:14
ORD00279,Riya Mehta,SG,53942373,riya278@gmail.com,Keyboard,48297,card,2024-06-27,06:14:12
ORD00379,Emma Patel,AE,456083318,emma378@gmail.com,Phone,40661,upi,2025-11-05,07:29:49
ORD00367,Emma Singh,MY,124471746,emma366@gmail.com,Headphones,16964,card,2023-06-01,08:49:03
ORD00386,John Sharma,AE,686717731,john385@gmail.com,Laptop,45526,cod,2025-04-12,06:08:22
ORD00071,Rahul Smith,IN,6617711592,rahul70@gmail.com,Phone,8370,upi,2024-10-27,12:38:33
ORD00310,Rahul Singh,GB,4043350488,rahul309@gmail.com,Tablet,6279,cash,2025-07-31,11:09:08
ORD00362,Riya Brown,SG,63723950,riya361@gmail.com,Mouse,49611,cash,2023-04-18,05:29:25
ORD00098,Arjun Mehta,SG,05415667,arjun97@gmail.com,Camera,22319,card,2025-10-13,22:31:23
ORD00141,Karan Singh,AU,287280801,karan140@gmail.com,Laptop,518,wallet,2023-10-09,20:14:04
ORD00350,Emma Brown,SG,69583219,emma349@gmail.com,Monitor,7592,netbanking,2025-08-06,10:35:06
ORD00394,Sneha Smith,US,5402547292,sneha393@gmail.com,Mouse,12045,card,2023-11-11,05:15:07
ORD00418,John Kumar,SG,27624671,abc@,Monitor,43358,netbanking,2025-08-20,15:35:54
ORD00382,Sneha Mehta,AE,315313636,sneha381@gmail.com,Keyboard,4918,wallet,2025-09-19,01:56:27
ORD00155,Ananya Brown,SG,17979688,ananya154@gmail.com,Camera,35728,cash,2025-01-06,22:57:51
ORD00129,Sneha Singh,GB,2587139718,sneha128@gmail.com,Monitor,3746,wallet,2023-09-28,16:26:29
ORD00169,Priya Patel,AE,684577590,priya168@gmail.com,Phone,48002,wallet,2025-01-03,02:50:34
ORD00346,Karan Smith,GB,0207016016,karan345@gmail.com,Camera,11829,cod,2025-07-02,19:22:19
ORD00101,Amit Sharma,MY,297021355,amit100@gmail.com,Camera,37274,cash,2023-11-11,21:28:23
ORD00171,Riya Sharma,AU,127706324,riya170@gmail.com,Tablet,18058,cash,2025-01-08,08:05:23
ORD00103,Arjun Smith,AU,394731217,arjun102@gmail.com,Tablet,46851,wallet,2023-06-29,21:54:20
ORD00445,Karan Singh,AE,304501896,karan44@gmail.com,Phone,ten thousand,upi,2023-12-31,07:49:55
ORD00020,Karan Iyer,SG,48740164,karan19@gmail.com,Laptop,332,upi,2023-09-25,20:16:10
ORD00185,Sneha Singh,GB,0603850506,sneha184@gmail.com,Mouse,6912,card,2025-12-21,07:26:31
ORD00037,Rahul Kumar,GB,9663193149,rahul36@gmail.com,Phone,37188,cash,2024-12-12,17:27:42
ORD00061,Riya Patel,AU,369594406,riya60@gmail.com,Mouse,630,netbanking,2023-04-11,19:47:31
ORD00051,John Sharma,AU,715451680,john50@gmail.com,Monitor,27182,cash,2024-01-20,16:23:39
ORD00117,Amit Brown,AE,230913075,amit116@gmail.com,Camera,10024,wallet,2024-02-22,13:32:49
ORD00142,Amit Sharma,MY,387509977,amit141@gmail.com,Laptop,533,netbanking,2025-04-22,00:01:33
ORD00403,Priya Mehta,AE,979647158,priya2@gmail.com,,17109,card,2023-04-30,04:20:29
ORD00041,Riya Smith,SG,70143634,riya40@gmail.com,Headphones,31115,netbanking,2025-12-23,11:27:47
ORD00330,Sneha Smith,MY,145211175,sneha329@gmail.com,Phone,34428,cod,2025-02-25,23:50:32
ORD00280,Sneha Mehta,AU,211179080,sneha279@gmail.com,Monitor,24426,netbanking,2024-10-07,15:57:56
ORD00472,Karan Brown,AE,792287772,karan71@gmail.com,Headphones,ten thousand,netbanking,2025-04-18,12:14:57
ORD00257,Karan Kumar,AE,929955620,karan256@gmail.com,Headphones,16233,card,2025-06-12,08:53:23
ORD00488,Priya Sharma,MY,,priya87@gmail.com,Keyboard,22434,cash,2024-11-14,16:50:15
ORD00151,Arjun Kumar,SG,47212646,arjun150@gmail.com,Mouse,31834,cash,2025-01-09,08:15:46
ORD00043,John Kumar,AU,134352408,john42@gmail.com,Tablet,18077,cash,2023-04-22,17:18:44
ORD00184,Karan Patel,US,8705349493,karan183@gmail.com,Monitor,24235,netbanking,2025-10-07,06:46:57
ORD00039,Emma Kumar,MY,531473799,emma38@gmail.com,Camera,22146,cash,2025-10-09,10:11:31
ORD00331,Amit Brown,GB,8602592222,amit330@gmail.com,Laptop,27597,upi,2024-09-25,23:49:28
ORD00136,Amit Smith,AE,334270866,amit135@gmail.com,Tablet,25555,card,2024-06-06,06:21:41
ORD00120,Arjun Kumar,AU,198665240,arjun119@gmail.com,Mouse,46901,cash,2024-12-10,14:41:16
ORD00227,John Kumar,IN,7230461849,john226@gmail.com,Tablet,27548,cash,2025-11-13,23:39:07
ORD00092,Karan Iyer,GB,6153051522,karan91@gmail.com,Laptop,18900,wallet,2023-10-12,22:30:28
ORD00013,Ananya Mehta,MY,667010651,ananya12@gmail.com,Keyboard,12656,card,2025-07-07,04:27:11
ORD00196,Sneha Smith,GB,8427010393,sneha195@gmail.com,Laptop,34601,wallet,2023-01-02,10:58:39
ORD00140,Emma Brown,GB,4235369378,emma139@gmail.com,Headphones,16964,wallet,2025-10-01,14:10:46
ORD00163,Amit Brown,GB,6278282742,amit162@gmail.com,Tablet,20716,wallet,2023-04-20,11:00:31
ORD00255,Sneha Mehta,US,3682223943,sneha254@gmail.com,Phone,11985,cod,2023-04-22,17:29:41
ORD00412,Arjun Sharma,MY,157164794,,Monitor,14902,netbanking,2025-04-14,09:54:27
ORD00189,Sneha Mehta,IN,2135680442,sneha188@gmail.com,Laptop,26602,wallet,2024-05-26,03:29:06
ORD00210,Ananya Kumar,US,6799702462,ananya209@gmail.com,Camera,2641,wallet,2024-11-09,22:15:03
ORD00222,Amit Patel,MY,752500743,amit221@gmail.com,Tablet,37867,card,2025-09-29,02:08:39
ORD00240,Emma Smith,AE,829221699,emma239@gmail.com,Headphones,33137,wallet,2025-05-07,19:58:44
ORD00231,Karan Mehta,SG,79415521,karan230@gmail.com,Camera,26330,wallet,2024-07-10,12:44:54
ORD00219,Riya Mehta,AU,842824172,riya218@gmail.com,Mouse,47625,netbanking,2024-01-10,21:57:21
ORD00173,Rahul Mehta,IN,1627136111,rahul172@gmail.com,Headphones,24188,upi,2023-10-08,12:49:52
ORD00319,Priya Brown,IN,4510463681,priya318@gmail.com,Headphones,31862,netbanking,2025-12-24,02:11:12
ORD00263,Priya Kumar,AU,638655779,priya262@gmail.com,Laptop,32988,card,2025-06-19,05:14:04
ORD00239,Sneha Mehta,AU,160917798,sneha238@gmail.com,Tablet,32791,cash,2025-12-22,23:03:35
ORD00022,Rahul Mehta,AU,331586923,rahul21@gmail.com,Tablet,11703,wallet,2023-02-20,05:47:59
ORD00299,John Patel,IN,4743503136,john298@gmail.com,Headphones,1087,card,2024-07-19,18:07:25
ORD00118,Riya Sharma,GB,2838578652,riya117@gmail.com,Monitor,35039,upi,2024-12-26,21:49:55
ORD00181,John Patel,US,4917785079,john180@gmail.com,Tablet,24196,card,2024-06-06,03:57:36
ORD00266,Emma Sharma,GB,4137977236,emma265@gmail.com,Tablet,38284,card,2025-11-12,08:10:46
ORD00228,Priya Patel,US,7393483564,priya227@gmail.com,Tablet,2682,netbanking,2025-10-13,06:44:59
ORD00152,Riya Iyer,MY,712406596,riya151@gmail.com,Headphones,28950,upi,2025-05-31,20:38:08
ORD00484,Rahul Kumar,XX,7930361498,rahul83@gmail.com,Monitor,11272,netbanking,2024-02-01,21:47:36
ORD00385,Riya Iyer,GB,9774063356,riya384@gmail.com,Keyboard,38882,card,2023-01-11,13:02:02
ORD00069,Emma Sharma,AU,422842102,emma68@gmail.com,Laptop,23577,card,2024-10-25,00:11:16
ORD00044,Riya Patel,SG,09477752,riya43@gmail.com,Laptop,16646,wallet,2023-08-22,02:25:31
ORD00282,Amit Smith,MY,187500369,amit281@gmail.com,Phone,21427,upi,2024-06-15,05:35:16
ORD00131,Arjun Brown,IN,2265676618,arjun130@gmail.com,Tablet,42930,upi,2023-08-31,05:34:25
ORD00192,Arjun Kumar,SG,72099934,arjun191@gmail.com,Monitor,27100,netbanking,2025-09-08,01:05:17
ORD00432,Sneha Singh,US,7560417765,sneha31@gmail.com,Camera,ten thousand,card,2024-06-18,16:04:22
ORD00479,Amit Iyer,XX,8687007942,amit78@gmail.com,Laptop,4043,wallet,2024-07-13,19:16:53
ORD00081,Priya Brown,GB,4535218188,priya80@gmail.com,Keyboard,22996,upi,2023-10-30,07:06:09
ORD00293,John Singh,IN,5478077406,john292@gmail.com,Mouse,39225,card,2023-01-15,17:23:12
ORD00194,Rahul Mehta,SG,93040785,rahul193@gmail.com,Keyboard,10561,cash,2024-05-22,21:15:17
ORD00456,Arjun Iyer,XX,75738395,arjun55@gmail.com,Monitor,8695,upi,2025-03-10,13:53:43
ORD00218,Amit Sharma,US,7446660993,amit217@gmail.com,Headphones,47715,cod,2024-03-31,21:34:40
ORD00157,John Iyer,GB,7567982507,john156@gmail.com,Phone,19461,wallet,2023-06-25,03:53:46
ORD00112,Sneha Iyer,AE,950047974,sneha111@gmail.com,Laptop,7144,wallet,2023-10-02,08:46:23
ORD00203,Amit Sharma,AE,153368844,amit202@gmail.com,Mouse,15667,cash,2023-04-12,12:36:35
ORD00121,Riya Iyer,MY,384842199,riya120@gmail.com,Keyboard,15989,cash,2025-12-23,07:40:14
ORD00442,Ananya Patel,AE,707587771,abc@,Tablet,8203,upi,2023-07-11,06:55:18
ORD00232,Ananya Singh,AE,120216979,ananya231@gmail.com,Monitor,11979,netbanking,2025-02-16,11:39:01
